Date,Beef and veal 2015=100 CPI
2015-01-01,101.3
2015-02-01,101.7
2015-03-01,99.9
2015-04-01,99.3
2015-05-01,100.1
2015-06-01,99.9
2015-07-01,98.7
2015-08-01,98
2015-09-01,100.4
2015-10-01,100.3
2015-11-01,100.8
2015-12-01,99.7
2016-01-01,99.7
2016-02-01,101.2
2016-03-01,98
2016-04-01,97.5
2016-05-01,98.3
2016-06-01,97.5
2016-07-01,95.3
2016-08-01,95.9
2016-09-01,95.5
2016-10-01,96.8
2016-11-01,96.3
2016-12-01,95.3
2017-01-01,96.8
2017-02-01,97.7
2017-03-01,97.7
2017-04-01,96.8
2017-05-01,98
2017-06-01,97.3
2017-07-01,96.2
2017-08-01,98.1
2017-09-01,97.7
2017-10-01,98.2
2017-11-01,98.2
2017-12-01,97.8
2018-01-01,98.2
2018-02-01,98.4
2018-03-01,97.2
2018-04-01,98
2018-05-01,96.4
2018-06-01,96.5
2018-07-01,95.8
2018-08-01,96.7
2018-09-01,95.8
2018-10-01,95.9
2018-11-01,96.4
2018-12-01,96.7
2019-01-01,97.6
2019-02-01,96.7
2019-03-01,96.4
2019-04-01,95.1
2019-05-01,96
2019-06-01,95.4
2019-07-01,94.3
2019-08-01,95.1
2019-09-01,92.6
2019-10-01,92.7
2019-11-01,94.2
2019-12-01,95.3
2020-01-01,96
2020-02-01,95.4
2020-03-01,96.1
2020-04-01,96.1
2020-05-01,94.9
2020-06-01,98.4
2020-07-01,96.2
2020-08-01,96.6
2020-09-01,96.1
2020-10-01,96.1
2020-11-01,94
2020-12-01,92.3
2021-01-01,94.2
2021-02-01,93.5
2021-03-01,94
2021-04-01,93.1
2021-05-01,94.1
2021-06-01,94.6
2021-07-01,95.1
2021-08-01,95.7
2021-09-01,96.2
2021-10-01,97.3
2021-11-01,98.8
2021-12-01,99.1
2022-01-01,99.6
2022-02-01,100.9
2022-03-01,102.1
2022-04-01,102.7
2022-05-01,104.2
2022-06-01,104.9
2022-07-01,106.7
2022-08-01,108.4
2022-09-01,109.6
2022-10-01,110.9
2022-11-01,112.3
2022-12-01,114.1
2023-01-01,114.2
2023-02-01,116
2023-03-01,117.2
2023-04-01,118
2023-05-01,120.2
2023-06-01,120.4
2023-07-01,120.9
2023-08-01,121.1
2023-09-01,121.8
2023-10-01,121.8
2023-11-01,121.5
2023-12-01,121.5
2024-01-01,121.2
2024-02-01,122
2024-03-01,121.4
2024-04-01,121.7
2024-05-01,121.2
2024-06-01,121.3
2024-07-01,120.3
2024-08-01,120.8
2024-09-01,120.9
2024-10-01,121.8
2024-11-01,121.6
2024-12-01,122.4
2025-01-01,125
2025-02-01,128.5
2025-03-01,131.3
2025-04-01,136.6
2025-05-01,141.8
2025-06-01,146
2025-07-01,149.5
2025-08-01,150.8
2025-09-01,153.4
2025-10-01,154.7
2025-11-01,155.3
2025-12-01,155.8
2026-01-01,155.6
2026-02-01,155
2026-03-01,156
2026-04-01,154.7
2026-05-01,155.2
2026-06-01,153.4
2026-07-01,153.3
2026-08-01,153.5
