Date,Value
21/03/1994,1.106
28/03/1994,1.107
04/04/1994,1.109
11/04/1994,1.108
18/04/1994,1.105
25/04/1994,1.106
02/05/1994,1.104
09/05/1994,1.101
16/05/1994,1.099
23/05/1994,1.099
30/05/1994,1.098
06/06/1994,1.101
13/06/1994,1.098
20/06/1994,1.103
27/06/1994,1.108
04/07/1994,1.109
11/07/1994,1.11
18/07/1994,1.111
25/07/1994,1.111
01/08/1994,1.116
08/08/1994,1.127
15/08/1994,1.127
22/08/1994,1.124
29/08/1994,1.122
05/09/1994,1.126
12/09/1994,1.128
19/09/1994,1.126
26/09/1994,1.12
03/10/1994,1.118
10/10/1994,1.117
17/10/1994,1.119
24/10/1994,1.122
31/10/1994,1.133
07/11/1994,1.133
14/11/1994,1.135
21/11/1994,1.13
28/11/1994,1.126
05/12/1994,1.123
12/12/1994,1.114
19/12/1994,1.109
26/12/1994,1.106
02/01/1995,1.104
09/01/1995,1.102
16/01/1995,1.1
23/01/1995,1.095
30/01/1995,1.09
06/02/1995,1.086
13/02/1995,1.088
20/02/1995,1.088
27/02/1995,1.089
06/03/1995,1.089
13/03/1995,1.088
20/03/1995,1.085
27/03/1995,1.088
03/04/1995,1.094
10/04/1995,1.101
17/04/1995,1.106
24/04/1995,1.115
01/05/1995,1.119
08/05/1995,1.126
15/05/1995,1.126
22/05/1995,1.124
29/05/1995,1.13
05/06/1995,1.124
12/06/1995,1.122
19/06/1995,1.117
26/06/1995,1.112
03/07/1995,1.106
10/07/1995,1.103
17/07/1995,1.099
24/07/1995,1.098
31/07/1995,1.093
07/08/1995,1.099
14/08/1995,1.106
21/08/1995,1.106
28/08/1995,1.109
04/09/1995,1.115
11/09/1995,1.119
18/09/1995,1.122
25/09/1995,1.121
02/10/1995,1.117
09/10/1995,1.117
16/10/1995,1.117
23/10/1995,1.114
30/10/1995,1.11
06/11/1995,1.118
13/11/1995,1.118
20/11/1995,1.119
27/11/1995,1.124
04/12/1995,1.123
11/12/1995,1.124
18/12/1995,1.13
25/12/1995,1.141
01/01/1996,1.148
08/01/1996,1.146
15/01/1996,1.152
22/01/1996,1.144
29/01/1996,1.136
05/02/1996,1.13
12/02/1996,1.134
19/02/1996,1.151
26/02/1996,1.164
04/03/1996,1.175
11/03/1996,1.173
18/03/1996,1.172
25/03/1996,1.21
01/04/1996,1.222
08/04/1996,1.249
15/04/1996,1.305
22/04/1996,1.304
29/04/1996,1.285
06/05/1996,1.292
13/05/1996,1.285
20/05/1996,1.274
27/05/1996,1.254
03/06/1996,1.24
10/06/1996,1.215
17/06/1996,1.193
24/06/1996,1.179
01/07/1996,1.172
08/07/1996,1.173
15/07/1996,1.178
22/07/1996,1.184
29/07/1996,1.178
05/08/1996,1.184
12/08/1996,1.191
19/08/1996,1.206
26/08/1996,1.222
02/09/1996,1.231
09/09/1996,1.25
16/09/1996,1.276
23/09/1996,1.277
30/09/1996,1.289
07/10/1996,1.308
14/10/1996,1.326
21/10/1996,1.329
28/10/1996,1.329
04/11/1996,1.323
11/11/1996,1.316
18/11/1996,1.324
25/11/1996,1.327
02/12/1996,1.323
09/12/1996,1.32
16/12/1996,1.307
23/12/1996,1.3
30/12/1996,1.295
06/01/1997,1.291
13/01/1997,1.296
20/01/1997,1.293
27/01/1997,1.283
03/02/1997,1.288
10/02/1997,1.285
17/02/1997,1.278
24/02/1997,1.269
03/03/1997,1.252
10/03/1997,1.23
17/03/1997,1.22
24/03/1997,1.22
31/03/1997,1.225
07/04/1997,1.217
14/04/1997,1.216
21/04/1997,1.211
28/04/1997,1.205
05/05/1997,1.205
12/05/1997,1.191
19/05/1997,1.191
26/05/1997,1.196
02/06/1997,1.19
09/06/1997,1.187
16/06/1997,1.172
23/06/1997,1.162
30/06/1997,1.153
07/07/1997,1.159
14/07/1997,1.152
21/07/1997,1.147
28/07/1997,1.145
04/08/1997,1.155
11/08/1997,1.168
18/08/1997,1.167
25/08/1997,1.169
01/09/1997,1.165
08/09/1997,1.163
15/09/1997,1.156
22/09/1997,1.154
29/09/1997,1.16
06/10/1997,1.175
13/10/1997,1.185
20/10/1997,1.185
27/10/1997,1.185
03/11/1997,1.188
10/11/1997,1.19
17/11/1997,1.195
24/11/1997,1.193
01/12/1997,1.189
08/12/1997,1.174
15/12/1997,1.162
22/12/1997,1.155
29/12/1997,1.15
05/01/1998,1.147
12/01/1998,1.126
19/01/1998,1.109
26/01/1998,1.096
02/02/1998,1.091
09/02/1998,1.085
16/02/1998,1.082
23/02/1998,1.079
02/03/1998,1.074
09/03/1998,1.066
16/03/1998,1.057
23/03/1998,1.049
30/03/1998,1.068
06/04/1998,1.067
13/04/1998,1.065
20/04/1998,1.065
27/04/1998,1.07
04/05/1998,1.072
11/05/1998,1.075
18/05/1998,1.069
25/05/1998,1.06
01/06/1998,1.053
08/06/1998,1.045
15/06/1998,1.04
22/06/1998,1.033
29/06/1998,1.034
06/07/1998,1.036
13/07/1998,1.031
20/07/1998,1.027
27/07/1998,1.02
03/08/1998,1.016
10/08/1998,1.01
17/08/1998,1.007
24/08/1998,1.004
31/08/1998,1
07/09/1998,1.009
14/09/1998,1.019
21/09/1998,1.03
28/09/1998,1.039
05/10/1998,1.041
12/10/1998,1.041
19/10/1998,1.036
26/10/1998,1.036
02/11/1998,1.035
09/11/1998,1.034
16/11/1998,1.026
23/11/1998,1.012
30/11/1998,1.004
07/12/1998,0.986
14/12/1998,0.972
21/12/1998,0.968
28/12/1998,0.966
04/01/1999,0.965
11/01/1999,0.967
18/01/1999,0.97
25/01/1999,0.964
01/02/1999,0.962
08/02/1999,0.962
15/02/1999,0.959
22/02/1999,0.953
01/03/1999,0.956
08/03/1999,0.964
15/03/1999,1
22/03/1999,1.018
29/03/1999,1.046
05/04/1999,1.075
12/04/1999,1.084
19/04/1999,1.08
26/04/1999,1.078
03/05/1999,1.078
10/05/1999,1.083
17/05/1999,1.075
24/05/1999,1.066
31/05/1999,1.065
07/06/1999,1.059
14/06/1999,1.068
21/06/1999,1.082
28/06/1999,1.087
05/07/1999,1.102
12/07/1999,1.114
19/07/1999,1.133
26/07/1999,1.137
02/08/1999,1.146
09/08/1999,1.156
16/08/1999,1.178
23/08/1999,1.186
30/08/1999,1.194
06/09/1999,1.198
13/09/1999,1.209
20/09/1999,1.226
27/09/1999,1.226
04/10/1999,1.234
11/10/1999,1.228
18/10/1999,1.224
25/10/1999,1.226
01/11/1999,1.229
08/11/1999,1.234
15/11/1999,1.261
22/11/1999,1.289
29/11/1999,1.304
06/12/1999,1.294
13/12/1999,1.288
20/12/1999,1.287
27/12/1999,1.298
03/01/2000,1.309
10/01/2000,1.307
17/01/2000,1.307
24/01/2000,1.418
31/01/2000,1.439
07/02/2000,1.47
14/02/2000,1.456
21/02/2000,1.456
28/02/2000,1.461
06/03/2000,1.49
13/03/2000,1.496
20/03/2000,1.479
27/03/2000,1.451
03/04/2000,1.442
10/04/2000,1.419
17/04/2000,1.398
24/04/2000,1.428
01/05/2000,1.418
08/05/2000,1.402
15/05/2000,1.415
22/05/2000,1.432
29/05/2000,1.431
05/06/2000,1.419
12/06/2000,1.411
19/06/2000,1.423
26/06/2000,1.432
03/07/2000,1.453
10/07/2000,1.449
17/07/2000,1.435
24/07/2000,1.424
31/07/2000,1.408
07/08/2000,1.41
14/08/2000,1.447
21/08/2000,1.471
28/08/2000,1.536
04/09/2000,1.609
11/09/2000,1.629
18/09/2000,1.653
25/09/2000,1.657
02/10/2000,1.625
09/10/2000,1.614
16/10/2000,1.67
23/10/2000,1.648
30/10/2000,1.629
06/11/2000,1.61
13/11/2000,1.603
20/11/2000,1.627
27/11/2000,1.645
04/12/2000,1.622
11/12/2000,1.577
18/12/2000,1.545
25/12/2000,1.515
01/01/2001,1.522
08/01/2001,1.52
15/01/2001,1.509
22/01/2001,1.528
29/01/2001,1.539
05/02/2001,1.52
12/02/2001,1.518
19/02/2001,1.48
26/02/2001,1.451
05/03/2001,1.42
12/03/2001,1.406
19/03/2001,1.392
26/03/2001,1.379
02/04/2001,1.391
09/04/2001,1.397
16/04/2001,1.437
23/04/2001,1.443
30/04/2001,1.442
07/05/2001,1.47
14/05/2001,1.491
21/05/2001,1.494
28/05/2001,1.529
04/06/2001,1.514
11/06/2001,1.486
18/06/2001,1.48
25/06/2001,1.447
02/07/2001,1.407
09/07/2001,1.392
16/07/2001,1.38
23/07/2001,1.348
30/07/2001,1.347
06/08/2001,1.345
13/08/2001,1.367
20/08/2001,1.394
27/08/2001,1.452
03/09/2001,1.488
10/09/2001,1.492
17/09/2001,1.527
24/09/2001,1.473
01/10/2001,1.39
08/10/2001,1.371
15/10/2001,1.353
22/10/2001,1.318
29/10/2001,1.31
05/11/2001,1.291
12/11/2001,1.269
19/11/2001,1.252
26/11/2001,1.223
03/12/2001,1.194
10/12/2001,1.173
17/12/2001,1.143
24/12/2001,1.154
31/12/2001,1.169
07/01/2002,1.168
14/01/2002,1.159
21/01/2002,1.14
28/01/2002,1.144
04/02/2002,1.144
11/02/2002,1.153
18/02/2002,1.156
25/02/2002,1.154
04/03/2002,1.173
11/03/2002,1.216
18/03/2002,1.251
25/03/2002,1.281
01/04/2002,1.295
08/04/2002,1.323
15/04/2002,1.32
22/04/2002,1.304
29/04/2002,1.302
06/05/2002,1.305
13/05/2002,1.299
20/05/2002,1.309
27/05/2002,1.308
03/06/2002,1.3
10/06/2002,1.286
17/06/2002,1.275
24/06/2002,1.281
01/07/2002,1.289
08/07/2002,1.294
15/07/2002,1.3
22/07/2002,1.311
29/07/2002,1.303
05/08/2002,1.304
12/08/2002,1.303
19/08/2002,1.333
26/08/2002,1.37
02/09/2002,1.388
09/09/2002,1.396
16/09/2002,1.414
23/09/2002,1.417
30/09/2002,1.438
07/10/2002,1.46
14/10/2002,1.461
21/10/2002,1.469
28/10/2002,1.456
04/11/2002,1.442
11/11/2002,1.427
18/11/2002,1.405
25/11/2002,1.405
02/12/2002,1.407
09/12/2002,1.405
16/12/2002,1.401
23/12/2002,1.44
30/12/2002,1.491
06/01/2003,1.501
13/01/2003,1.478
20/01/2003,1.48
27/01/2003,1.492
03/02/2003,1.542
10/02/2003,1.662
17/02/2003,1.704
24/02/2003,1.709
03/03/2003,1.753
10/03/2003,1.771
17/03/2003,1.752
24/03/2003,1.662
31/03/2003,1.602
07/04/2003,1.554
14/04/2003,1.539
21/04/2003,1.529
28/04/2003,1.508
05/05/2003,1.484
12/05/2003,1.444
19/05/2003,1.443
26/05/2003,1.434
02/06/2003,1.423
09/06/2003,1.422
16/06/2003,1.432
23/06/2003,1.423
30/06/2003,1.42
07/07/2003,1.428
14/07/2003,1.435
21/07/2003,1.439
28/07/2003,1.438
04/08/2003,1.453
11/08/2003,1.492
18/08/2003,1.498
25/08/2003,1.503
01/09/2003,1.501
08/09/2003,1.488
15/09/2003,1.471
22/09/2003,1.444
29/09/2003,1.429
06/10/2003,1.445
13/10/2003,1.483
20/10/2003,1.502
27/10/2003,1.495
03/11/2003,1.481
10/11/2003,1.476
17/11/2003,1.481
24/11/2003,1.491
01/12/2003,1.476
08/12/2003,1.481
15/12/2003,1.486
22/12/2003,1.504
29/12/2003,1.502
05/01/2004,1.503
12/01/2004,1.551
19/01/2004,1.559
26/01/2004,1.591
02/02/2004,1.581
09/02/2004,1.568
16/02/2004,1.584
23/02/2004,1.595
01/03/2004,1.619
08/03/2004,1.628
15/03/2004,1.617
22/03/2004,1.641
29/03/2004,1.642
05/04/2004,1.648
12/04/2004,1.679
19/04/2004,1.724
26/04/2004,1.718
03/05/2004,1.717
10/05/2004,1.745
17/05/2004,1.763
24/05/2004,1.761
31/05/2004,1.746
07/06/2004,1.734
14/06/2004,1.711
21/06/2004,1.7
28/06/2004,1.7
05/07/2004,1.716
12/07/2004,1.74
19/07/2004,1.744
26/07/2004,1.754
02/08/2004,1.78
09/08/2004,1.814
16/08/2004,1.825
23/08/2004,1.874
30/08/2004,1.871
06/09/2004,1.869
13/09/2004,1.874
20/09/2004,1.912
27/09/2004,2.012
04/10/2004,2.053
11/10/2004,2.092
18/10/2004,2.18
25/10/2004,2.212
01/11/2004,2.206
08/11/2004,2.163
15/11/2004,2.132
22/11/2004,2.116
29/11/2004,2.116
06/12/2004,2.069
13/12/2004,1.997
20/12/2004,1.984
27/12/2004,1.987
03/01/2005,1.957
10/01/2005,1.934
17/01/2005,1.952
24/01/2005,1.959
31/01/2005,1.992
07/02/2005,1.983
14/02/2005,1.986
21/02/2005,2.02
28/02/2005,2.118
07/03/2005,2.168
14/03/2005,2.194
21/03/2005,2.244
28/03/2005,2.249
04/04/2005,2.303
11/04/2005,2.316
18/04/2005,2.259
25/04/2005,2.289
02/05/2005,2.262
09/05/2005,2.227
16/05/2005,2.189
23/05/2005,2.156
30/05/2005,2.16
06/06/2005,2.234
13/06/2005,2.276
20/06/2005,2.313
27/06/2005,2.336
04/07/2005,2.348
11/07/2005,2.408
18/07/2005,2.392
25/07/2005,2.342
01/08/2005,2.348
08/08/2005,2.407
15/08/2005,2.567
22/08/2005,2.588
29/08/2005,2.59
05/09/2005,2.898
12/09/2005,2.847
19/09/2005,2.732
26/09/2005,2.798
03/10/2005,3.144
10/10/2005,3.15
17/10/2005,3.148
24/10/2005,3.157
31/10/2005,2.876
07/11/2005,2.698
14/11/2005,2.602
21/11/2005,2.513
28/11/2005,2.479
05/12/2005,2.425
12/12/2005,2.436
19/12/2005,2.462
26/12/2005,2.448
02/01/2006,2.442
09/01/2006,2.485
16/01/2006,2.449
23/01/2006,2.472
30/01/2006,2.489
06/02/2006,2.499
13/02/2006,2.476
20/02/2006,2.455
27/02/2006,2.471
06/03/2006,2.545
13/03/2006,2.543
20/03/2006,2.581
27/03/2006,2.565
03/04/2006,2.617
10/04/2006,2.654
17/04/2006,2.765
24/04/2006,2.876
01/05/2006,2.896
08/05/2006,2.897
15/05/2006,2.92
22/05/2006,2.888
29/05/2006,2.882
05/06/2006,2.89
12/06/2006,2.918
19/06/2006,2.915
26/06/2006,2.867
03/07/2006,2.898
10/07/2006,2.918
17/07/2006,2.926
24/07/2006,2.946
31/07/2006,2.98
07/08/2006,3.055
14/08/2006,3.065
21/08/2006,3.033
28/08/2006,3.027
04/09/2006,2.967
11/09/2006,2.857
18/09/2006,2.713
25/09/2006,2.595
02/10/2006,2.546
09/10/2006,2.506
16/10/2006,2.503
23/10/2006,2.524
30/10/2006,2.517
06/11/2006,2.506
13/11/2006,2.552
20/11/2006,2.553
27/11/2006,2.567
04/12/2006,2.618
11/12/2006,2.621
18/12/2006,2.606
25/12/2006,2.596
01/01/2007,2.58
08/01/2007,2.537
15/01/2007,2.463
22/01/2007,2.43
29/01/2007,2.413
05/02/2007,2.435
12/02/2007,2.476
19/02/2007,2.491
26/02/2007,2.551
05/03/2007,2.626
12/03/2007,2.685
19/03/2007,2.681
26/03/2007,2.676
02/04/2007,2.79
09/04/2007,2.84
16/04/2007,2.877
23/04/2007,2.851
30/04/2007,2.811
07/05/2007,2.792
14/05/2007,2.773
21/05/2007,2.803
28/05/2007,2.817
04/06/2007,2.799
11/06/2007,2.792
18/06/2007,2.805
25/06/2007,2.835
02/07/2007,2.829
09/07/2007,2.849
16/07/2007,2.889
23/07/2007,2.889
30/07/2007,2.886
06/08/2007,2.898
13/08/2007,2.847
20/08/2007,2.868
27/08/2007,2.863
03/09/2007,2.893
10/09/2007,2.924
17/09/2007,2.964
24/09/2007,3.032
01/10/2007,3.048
08/10/2007,3.035
15/10/2007,3.039
22/10/2007,3.094
29/10/2007,3.157
05/11/2007,3.303
12/11/2007,3.425
19/11/2007,3.41
26/11/2007,3.444
03/12/2007,3.416
10/12/2007,3.325
17/12/2007,3.309
24/12/2007,3.308
31/12/2007,3.345
07/01/2008,3.376
14/01/2008,3.326
21/01/2008,3.27
28/01/2008,3.259
04/02/2008,3.28
11/02/2008,3.28
18/02/2008,3.396
25/02/2008,3.552
03/03/2008,3.658
10/03/2008,3.819
17/03/2008,3.974
24/03/2008,3.989
31/03/2008,3.964
07/04/2008,3.955
14/04/2008,4.059
21/04/2008,4.143
28/04/2008,4.177
05/05/2008,4.149
12/05/2008,4.331
19/05/2008,4.497
26/05/2008,4.723
02/06/2008,4.707
09/06/2008,4.692
16/06/2008,4.692
23/06/2008,4.648
30/06/2008,4.645
07/07/2008,4.727
14/07/2008,4.764
21/07/2008,4.718
28/07/2008,4.603
04/08/2008,4.502
11/08/2008,4.353
18/08/2008,4.207
25/08/2008,4.145
01/09/2008,4.121
08/09/2008,4.059
15/09/2008,4.023
22/09/2008,3.958
29/09/2008,3.959
06/10/2008,3.875
13/10/2008,3.659
20/10/2008,3.482
27/10/2008,3.288
03/11/2008,3.088
10/11/2008,2.944
17/11/2008,2.809
24/11/2008,2.664
01/12/2008,2.615
08/12/2008,2.515
15/12/2008,2.422
22/12/2008,2.366
29/12/2008,2.327
05/01/2009,2.291
12/01/2009,2.314
19/01/2009,2.296
26/01/2009,2.268
02/02/2009,2.246
09/02/2009,2.219
16/02/2009,2.186
23/02/2009,2.13
02/03/2009,2.087
09/03/2009,2.045
16/03/2009,2.017
23/03/2009,2.09
30/03/2009,2.221
06/04/2009,2.228
13/04/2009,2.229
20/04/2009,2.221
27/04/2009,2.201
04/05/2009,2.185
11/05/2009,2.216
18/05/2009,2.231
25/05/2009,2.274
01/06/2009,2.352
08/06/2009,2.498
15/06/2009,2.572
22/06/2009,2.616
29/06/2009,2.608
06/07/2009,2.594
13/07/2009,2.542
20/07/2009,2.496
27/07/2009,2.528
03/08/2009,2.55
10/08/2009,2.625
17/08/2009,2.652
24/08/2009,2.668
31/08/2009,2.674
07/09/2009,2.647
14/09/2009,2.634
21/09/2009,2.622
28/09/2009,2.601
05/10/2009,2.582
12/10/2009,2.6
19/10/2009,2.705
26/10/2009,2.801
02/11/2009,2.808
09/11/2009,2.801
16/11/2009,2.79
23/11/2009,2.787
30/11/2009,2.775
07/12/2009,2.772
14/12/2009,2.748
21/12/2009,2.726
28/12/2009,2.732
04/01/2010,2.797
11/01/2010,2.879
18/01/2010,2.87
25/01/2010,2.833
01/02/2010,2.781
08/02/2010,2.769
15/02/2010,2.756
22/02/2010,2.832
01/03/2010,2.861
08/03/2010,2.904
15/03/2010,2.924
22/03/2010,2.946
29/03/2010,2.939
05/04/2010,3.015
12/04/2010,3.069
19/04/2010,3.074
26/04/2010,3.078
03/05/2010,3.122
10/05/2010,3.127
17/05/2010,3.094
24/05/2010,3.021
31/05/2010,2.98
07/06/2010,2.946
14/06/2010,2.928
21/06/2010,2.961
28/06/2010,2.956
05/07/2010,2.924
12/07/2010,2.903
19/07/2010,2.899
26/07/2010,2.919
02/08/2010,2.928
09/08/2010,2.991
16/08/2010,2.979
23/08/2010,2.957
30/08/2010,2.938
06/09/2010,2.931
13/09/2010,2.943
20/09/2010,2.96
27/09/2010,2.951
04/10/2010,3
11/10/2010,3.066
18/10/2010,3.073
25/10/2010,3.067
01/11/2010,3.067
08/11/2010,3.116
15/11/2010,3.184
22/11/2010,3.171
29/11/2010,3.162
06/12/2010,3.197
13/12/2010,3.231
20/12/2010,3.248
27/12/2010,3.294
03/01/2011,3.331
10/01/2011,3.333
17/01/2011,3.407
24/01/2011,3.43
31/01/2011,3.438
07/02/2011,3.513
14/02/2011,3.534
21/02/2011,3.573
28/02/2011,3.716
07/03/2011,3.871
14/03/2011,3.908
21/03/2011,3.907
28/03/2011,3.932
04/04/2011,3.976
11/04/2011,4.078
18/04/2011,4.105
25/04/2011,4.098
02/05/2011,4.124
09/05/2011,4.104
16/05/2011,4.061
23/05/2011,3.997
30/05/2011,3.948
06/06/2011,3.94
13/06/2011,3.954
20/06/2011,3.95
27/06/2011,3.888
04/07/2011,3.85
11/07/2011,3.899
18/07/2011,3.923
25/07/2011,3.949
01/08/2011,3.937
08/08/2011,3.897
15/08/2011,3.835
22/08/2011,3.81
29/08/2011,3.82
05/09/2011,3.868
12/09/2011,3.862
19/09/2011,3.833
26/09/2011,3.786
03/10/2011,3.749
10/10/2011,3.721
17/10/2011,3.801
24/10/2011,3.825
31/10/2011,3.892
07/11/2011,3.887
14/11/2011,3.987
21/11/2011,4.01
28/11/2011,3.964
05/12/2011,3.931
12/12/2011,3.894
19/12/2011,3.828
26/12/2011,3.791
02/01/2012,3.783
09/01/2012,3.828
16/01/2012,3.854
23/01/2012,3.848
30/01/2012,3.85
06/02/2012,3.856
13/02/2012,3.943
20/02/2012,3.96
27/02/2012,4.051
05/03/2012,4.094
12/03/2012,4.123
19/03/2012,4.142
26/03/2012,4.147
02/04/2012,4.142
09/04/2012,4.148
16/04/2012,4.127
23/04/2012,4.085
30/04/2012,4.073
07/05/2012,4.057
14/05/2012,4.004
21/05/2012,3.956
28/05/2012,3.897
04/06/2012,3.846
11/06/2012,3.781
18/06/2012,3.729
25/06/2012,3.678
02/07/2012,3.648
09/07/2012,3.683
16/07/2012,3.695
23/07/2012,3.783
30/07/2012,3.796
06/08/2012,3.85
13/08/2012,3.965
20/08/2012,4.026
27/08/2012,4.089
03/09/2012,4.127
10/09/2012,4.132
17/09/2012,4.135
24/09/2012,4.086
01/10/2012,4.079
08/10/2012,4.094
15/10/2012,4.15
22/10/2012,4.116
29/10/2012,4.03
05/11/2012,4.01
12/11/2012,3.98
19/11/2012,3.976
26/11/2012,4.034
03/12/2012,4.027
10/12/2012,3.991
17/12/2012,3.945
24/12/2012,3.923
31/12/2012,3.918
07/01/2013,3.911
14/01/2013,3.894
21/01/2013,3.902
28/01/2013,3.927
04/02/2013,4.022
11/02/2013,4.104
18/02/2013,4.157
25/02/2013,4.159
04/03/2013,4.13
11/03/2013,4.088
18/03/2013,4.047
25/03/2013,4.006
01/04/2013,3.993
08/04/2013,3.977
15/04/2013,3.942
22/04/2013,3.887
29/04/2013,3.851
06/05/2013,3.845
13/05/2013,3.866
20/05/2013,3.89
27/05/2013,3.88
03/06/2013,3.869
10/06/2013,3.849
17/06/2013,3.841
24/06/2013,3.838
01/07/2013,3.817
08/07/2013,3.828
15/07/2013,3.867
22/07/2013,3.903
29/07/2013,3.915
05/08/2013,3.909
12/08/2013,3.896
19/08/2013,3.9
26/08/2013,3.913
02/09/2013,3.981
09/09/2013,3.981
16/09/2013,3.974
23/09/2013,3.949
30/09/2013,3.919
07/10/2013,3.897
14/10/2013,3.886
21/10/2013,3.886
28/10/2013,3.87
04/11/2013,3.857
11/11/2013,3.832
18/11/2013,3.822
25/11/2013,3.844
02/12/2013,3.883
09/12/2013,3.879
16/12/2013,3.871
23/12/2013,3.873
30/12/2013,3.903
06/01/2014,3.91
13/01/2014,3.886
20/01/2014,3.873
27/01/2014,3.904
03/02/2014,3.951
10/02/2014,3.977
17/02/2014,3.989
24/02/2014,4.017
03/03/2014,4.016
10/03/2014,4.021
17/03/2014,4.003
24/03/2014,3.988
31/03/2014,3.975
07/04/2014,3.959
14/04/2014,3.952
21/04/2014,3.971
28/04/2014,3.975
05/05/2014,3.964
12/05/2014,3.948
19/05/2014,3.934
26/05/2014,3.925
02/06/2014,3.918
09/06/2014,3.892
16/06/2014,3.882
23/06/2014,3.919
30/06/2014,3.92
07/07/2014,3.913
14/07/2014,3.894
21/07/2014,3.869
28/07/2014,3.858
04/08/2014,3.853
11/08/2014,3.843
18/08/2014,3.835
25/08/2014,3.821
01/09/2014,3.814
08/09/2014,3.814
15/09/2014,3.801
22/09/2014,3.778
29/09/2014,3.755
06/10/2014,3.733
13/10/2014,3.698
20/10/2014,3.656
27/10/2014,3.635
03/11/2014,3.623
10/11/2014,3.677
17/11/2014,3.661
24/11/2014,3.628
01/12/2014,3.605
08/12/2014,3.535
15/12/2014,3.419
22/12/2014,3.281
29/12/2014,3.213
05/01/2015,3.137
12/01/2015,3.053
19/01/2015,2.933
26/01/2015,2.866
02/02/2015,2.831
09/02/2015,2.835
16/02/2015,2.865
23/02/2015,2.9
02/03/2015,2.936
09/03/2015,2.944
16/03/2015,2.917
23/03/2015,2.864
30/03/2015,2.824
06/04/2015,2.784
13/04/2015,2.754
20/04/2015,2.78
27/04/2015,2.811
04/05/2015,2.854
11/05/2015,2.878
18/05/2015,2.904
25/05/2015,2.914
01/06/2015,2.909
08/06/2015,2.884
15/06/2015,2.87
22/06/2015,2.859
29/06/2015,2.843
06/07/2015,2.832
13/07/2015,2.814
20/07/2015,2.782
27/07/2015,2.723
03/08/2015,2.668
10/08/2015,2.617
17/08/2015,2.615
24/08/2015,2.561
31/08/2015,2.514
07/09/2015,2.534
14/09/2015,2.517
21/09/2015,2.493
28/09/2015,2.476
05/10/2015,2.492
12/10/2015,2.556
19/10/2015,2.531
26/10/2015,2.498
02/11/2015,2.485
09/11/2015,2.502
16/11/2015,2.482
23/11/2015,2.445
30/11/2015,2.421
07/12/2015,2.379
14/12/2015,2.338
21/12/2015,2.284
28/12/2015,2.237
04/01/2016,2.211
11/01/2016,2.177
18/01/2016,2.112
25/01/2016,2.071
01/02/2016,2.031
08/02/2016,2.008
15/02/2016,1.98
22/02/2016,1.983
29/02/2016,1.989
07/03/2016,2.021
14/03/2016,2.099
21/03/2016,2.119
28/03/2016,2.121
04/04/2016,2.115
11/04/2016,2.128
18/04/2016,2.165
25/04/2016,2.198
02/05/2016,2.266
09/05/2016,2.271
16/05/2016,2.297
23/05/2016,2.357
30/05/2016,2.382
06/06/2016,2.407
13/06/2016,2.431
20/06/2016,2.426
27/06/2016,2.426
04/07/2016,2.423
11/07/2016,2.414
18/07/2016,2.402
25/07/2016,2.379
01/08/2016,2.348
08/08/2016,2.316
15/08/2016,2.31
22/08/2016,2.37
29/08/2016,2.409
05/09/2016,2.407
12/09/2016,2.399
19/09/2016,2.389
26/09/2016,2.382
03/10/2016,2.389
10/10/2016,2.445
17/10/2016,2.481
24/10/2016,2.478
31/10/2016,2.479
07/11/2016,2.47
14/11/2016,2.443
21/11/2016,2.421
28/11/2016,2.42
05/12/2016,2.48
12/12/2016,2.493
19/12/2016,2.527
26/12/2016,2.54
02/01/2017,2.586
09/01/2017,2.597
16/01/2017,2.585
23/01/2017,2.569
30/01/2017,2.562
06/02/2017,2.558
13/02/2017,2.565
20/02/2017,2.572
27/02/2017,2.577
06/03/2017,2.579
13/03/2017,2.564
20/03/2017,2.539
27/03/2017,2.532
03/04/2017,2.556
10/04/2017,2.582
17/04/2017,2.597
24/04/2017,2.595
01/05/2017,2.583
08/05/2017,2.565
15/05/2017,2.544
22/05/2017,2.539
29/05/2017,2.571
05/06/2017,2.564
12/06/2017,2.524
19/06/2017,2.489
26/06/2017,2.465
03/07/2017,2.472
10/07/2017,2.481
17/07/2017,2.491
24/07/2017,2.507
31/07/2017,2.531
07/08/2017,2.581
14/08/2017,2.598
21/08/2017,2.596
28/08/2017,2.605
04/09/2017,2.758
11/09/2017,2.802
18/09/2017,2.791
25/09/2017,2.788
02/10/2017,2.792
09/10/2017,2.776
16/10/2017,2.787
23/10/2017,2.797
30/10/2017,2.819
06/11/2017,2.882
13/11/2017,2.915
20/11/2017,2.912
27/11/2017,2.926
04/12/2017,2.922
11/12/2017,2.91
18/12/2017,2.901
25/12/2017,2.903
01/01/2018,2.973
08/01/2018,2.996
15/01/2018,3.028
22/01/2018,3.025
29/01/2018,3.07
05/02/2018,3.086
12/02/2018,3.063
19/02/2018,3.027
26/02/2018,3.007
05/03/2018,2.992
12/03/2018,2.976
19/03/2018,2.972
26/03/2018,3.01
02/04/2018,3.042
09/04/2018,3.043
16/04/2018,3.104
23/04/2018,3.133
30/04/2018,3.157
07/05/2018,3.171
14/05/2018,3.239
21/05/2018,3.277
28/05/2018,3.288
04/06/2018,3.285
11/06/2018,3.266
18/06/2018,3.244
25/06/2018,3.216
02/07/2018,3.236
09/07/2018,3.243
16/07/2018,3.239
23/07/2018,3.22
30/07/2018,3.226
06/08/2018,3.223
13/08/2018,3.217
20/08/2018,3.207
27/08/2018,3.226
03/09/2018,3.252
10/09/2018,3.258
17/09/2018,3.268
24/09/2018,3.271
01/10/2018,3.313
08/10/2018,3.385
15/10/2018,3.394
22/10/2018,3.38
29/10/2018,3.355
05/11/2018,3.338
12/11/2018,3.317
19/11/2018,3.282
26/11/2018,3.261
03/12/2018,3.207
10/12/2018,3.161
17/12/2018,3.121
24/12/2018,3.077
31/12/2018,3.048
07/01/2019,3.013
14/01/2019,2.976
21/01/2019,2.965
28/01/2019,2.965
04/02/2019,2.966
11/02/2019,2.966
18/02/2019,3.006
25/02/2019,3.048
04/03/2019,3.076
11/03/2019,3.079
18/03/2019,3.07
25/03/2019,3.08
01/04/2019,3.078
08/04/2019,3.093
15/04/2019,3.118
22/04/2019,3.147
29/04/2019,3.169
06/05/2019,3.171
13/05/2019,3.16
20/05/2019,3.163
27/05/2019,3.151
03/06/2019,3.136
10/06/2019,3.105
17/06/2019,3.07
24/06/2019,3.043
01/07/2019,3.042
08/07/2019,3.055
15/07/2019,3.051
22/07/2019,3.044
29/07/2019,3.034
05/08/2019,3.032
12/08/2019,3.011
19/08/2019,2.994
26/08/2019,2.983
02/09/2019,2.976
09/09/2019,2.971
16/09/2019,2.987
23/09/2019,3.081
30/09/2019,3.066
07/10/2019,3.047
14/10/2019,3.051
21/10/2019,3.05
28/10/2019,3.064
04/11/2019,3.062
11/11/2019,3.073
18/11/2019,3.074
25/11/2019,3.066
02/12/2019,3.07
09/12/2019,3.049
16/12/2019,3.046
23/12/2019,3.041
30/12/2019,3.069
06/01/2020,3.079
13/01/2020,3.064
20/01/2020,3.037
27/01/2020,3.01
03/02/2020,2.956
10/02/2020,2.91
17/02/2020,2.89
24/02/2020,2.882
02/03/2020,2.851
09/03/2020,2.814
16/03/2020,2.733
23/03/2020,2.659
30/03/2020,2.586
06/04/2020,2.548
13/04/2020,2.507
20/04/2020,2.48
27/04/2020,2.437
04/05/2020,2.399
11/05/2020,2.394
18/05/2020,2.386
25/05/2020,2.39
01/06/2020,2.386
08/06/2020,2.396
15/06/2020,2.403
22/06/2020,2.425
29/06/2020,2.43
06/07/2020,2.437
13/07/2020,2.438
20/07/2020,2.433
27/07/2020,2.427
03/08/2020,2.424
10/08/2020,2.428
17/08/2020,2.427
24/08/2020,2.426
31/08/2020,2.441
07/09/2020,2.435
14/09/2020,2.422
21/09/2020,2.404
28/09/2020,2.394
05/10/2020,2.387
12/10/2020,2.395
19/10/2020,2.388
26/10/2020,2.385
02/11/2020,2.372
09/11/2020,2.383
16/11/2020,2.441
23/11/2020,2.462
30/11/2020,2.502
07/12/2020,2.526
14/12/2020,2.559
21/12/2020,2.619
28/12/2020,2.635
04/01/2021,2.64
11/01/2021,2.67
18/01/2021,2.696
25/01/2021,2.716
01/02/2021,2.738
08/02/2021,2.801
15/02/2021,2.876
22/02/2021,2.973
01/03/2021,3.072
08/03/2021,3.143
15/03/2021,3.191
22/03/2021,3.194
29/03/2021,3.161
05/04/2021,3.144
12/04/2021,3.129
19/04/2021,3.124
26/04/2021,3.124
03/05/2021,3.142
10/05/2021,3.186
17/05/2021,3.249
24/05/2021,3.253
31/05/2021,3.255
07/06/2021,3.274
14/06/2021,3.286
21/06/2021,3.287
28/06/2021,3.3
05/07/2021,3.331
12/07/2021,3.338
19/07/2021,3.344
26/07/2021,3.342
02/08/2021,3.367
09/08/2021,3.364
16/08/2021,3.356
23/08/2021,3.324
30/08/2021,3.339
06/09/2021,3.373
13/09/2021,3.372
20/09/2021,3.385
27/09/2021,3.406
04/10/2021,3.477
11/10/2021,3.586
18/10/2021,3.671
25/10/2021,3.713
01/11/2021,3.727
08/11/2021,3.73
15/11/2021,3.734
22/11/2021,3.724
29/11/2021,3.72
06/12/2021,3.674
13/12/2021,3.649
20/12/2021,3.626
27/12/2021,3.615
03/01/2022,3.613
10/01/2022,3.657
17/01/2022,3.725
24/01/2022,3.78
31/01/2022,3.846
07/02/2022,3.951
14/02/2022,4.019
21/02/2022,4.055
28/02/2022,4.104
07/03/2022,4.849
14/03/2022,5.25
21/03/2022,5.134
28/03/2022,5.185
04/04/2022,5.144
11/04/2022,5.073
18/04/2022,5.101
25/04/2022,5.16
02/05/2022,5.509
09/05/2022,5.623
16/05/2022,5.613
23/05/2022,5.571
30/05/2022,5.539
06/06/2022,5.703
13/06/2022,5.718
20/06/2022,5.81
27/06/2022,5.783
04/07/2022,5.675
11/07/2022,5.568
18/07/2022,5.432
25/07/2022,5.268
01/08/2022,5.138
08/08/2022,4.993
15/08/2022,4.911
22/08/2022,4.909
29/08/2022,5.115
05/09/2022,5.084
12/09/2022,5.033
19/09/2022,4.964
26/09/2022,4.889
03/10/2022,4.836
10/10/2022,5.224
17/10/2022,5.339
24/10/2022,5.341
31/10/2022,5.317
07/11/2022,5.333
14/11/2022,5.313
21/11/2022,5.233
28/11/2022,5.141
05/12/2022,4.967
12/12/2022,4.754
19/12/2022,4.596
26/12/2022,4.537
02/01/2023,4.583
09/01/2023,4.549
16/01/2023,4.524
23/01/2023,4.604
30/01/2023,4.622
06/02/2023,4.539
13/02/2023,4.444
20/02/2023,4.376
27/02/2023,4.294
06/03/2023,4.282
13/03/2023,4.247
20/03/2023,4.185
27/03/2023,4.128
03/04/2023,4.105
10/04/2023,4.098
17/04/2023,4.116
24/04/2023,4.077
01/05/2023,4.018
08/05/2023,3.922
15/05/2023,3.897
22/05/2023,3.883
29/05/2023,3.855
05/06/2023,3.797
12/06/2023,3.794
19/06/2023,3.815
26/06/2023,3.801
03/07/2023,3.767
10/07/2023,3.806
17/07/2023,3.806
24/07/2023,3.905
31/07/2023,4.127
07/08/2023,4.239
14/08/2023,4.378
21/08/2023,4.389
28/08/2023,4.475
04/09/2023,4.492
11/09/2023,4.54
18/09/2023,4.633
25/09/2023,4.586
02/10/2023,4.593
09/10/2023,4.498
16/10/2023,4.444
23/10/2023,4.545
30/10/2023,4.454
06/11/2023,4.366
13/11/2023,4.294
20/11/2023,4.209
27/11/2023,4.146
04/12/2023,4.092
11/12/2023,3.987
18/12/2023,3.894
25/12/2023,3.914
01/01/2024,3.876
08/01/2024,3.828
15/01/2024,3.863
22/01/2024,3.838
29/01/2024,3.867
05/02/2024,3.899
12/02/2024,4.109
19/02/2024,4.109
26/02/2024,4.058
04/03/2024,4.022
11/03/2024,4.004
18/03/2024,4.028
25/03/2024,4.034
01/04/2024,3.996
08/04/2024,4.061
15/04/2024,4.015
22/04/2024,3.992
29/04/2024,3.947
06/05/2024,3.894
13/05/2024,3.848
20/05/2024,3.789
27/05/2024,3.758
03/06/2024,3.726
10/06/2024,3.658
17/06/2024,3.735
24/06/2024,3.769
01/07/2024,3.813
08/07/2024,3.865
15/07/2024,3.826
22/07/2024,3.779
29/07/2024,3.768
05/08/2024,3.755
12/08/2024,3.704
19/08/2024,3.688
26/08/2024,3.651
02/09/2024,3.625
09/09/2024,3.555
16/09/2024,3.526
23/09/2024,3.539
30/09/2024,3.544
07/10/2024,3.584
14/10/2024,3.631
21/10/2024,3.553
28/10/2024,3.573
04/11/2024,3.536
11/11/2024,3.521
18/11/2024,3.491
25/11/2024,3.539
02/12/2024,3.54
09/12/2024,3.458
16/12/2024,3.494
23/12/2024,3.476
30/12/2024,3.503
06/01/2025,3.561
13/01/2025,3.602
20/01/2025,3.715
27/01/2025,3.659
03/02/2025,3.66
10/02/2025,3.665
17/02/2025,3.677
24/02/2025,3.697
03/03/2025,3.635
10/03/2025,3.582
17/03/2025,3.549
24/03/2025,3.567
31/03/2025,3.592
07/04/2025,3.639
14/04/2025,3.579
21/04/2025,3.534
28/04/2025,3.514
05/05/2025,3.497
12/05/2025,3.476
19/05/2025,3.536
26/05/2025,3.487
02/06/2025,3.451
09/06/2025,3.471
16/06/2025,3.571
23/06/2025,3.775
30/06/2025,3.727
07/07/2025,3.739
14/07/2025,3.758
21/07/2025,3.812
28/07/2025,3.805
04/08/2025,3.8
11/08/2025,3.754
18/08/2025,3.713
25/08/2025,3.708
01/09/2025,3.734
08/09/2025,3.766
15/09/2025,3.739
22/09/2025,3.749
29/09/2025,3.754
06/10/2025,3.711
13/10/2025,3.665
20/10/2025,3.62
27/10/2025,3.718
03/11/2025,3.753
10/11/2025,3.837
17/11/2025,3.868
24/11/2025,3.831
01/12/2025,3.758
08/12/2025,3.665
15/12/2025,3.607
22/12/2025,3.544
29/12/2025,3.5
05/01/2026,3.477
12/01/2026,3.459
19/01/2026,3.53
26/01/2026,3.624
02/02/2026,3.681
09/02/2026,3.688
16/02/2026,3.711
23/02/2026,3.809
02/03/2026,3.897
09/03/2026,4.859
16/03/2026,5.071
23/03/2026,5.375
30/03/2026,5.401
06/04/2026,5.643
13/04/2026,5.608
20/04/2026,5.403
27/04/2026,5.351
04/05/2026,5.64
11/05/2026,5.639
18/05/2026,5.596
25/05/2026,5.523
01/06/2026,5.35
08/06/2026,5.21
15/06/2026,5.059
22/06/2026,4.832
29/06/2026,4.668
06/07/2026,4.578
13/07/2026,4.796
20/07/2026,5.134
27/07/2026,5.313
03/08/2026,5.348
10/08/2026,5.257
17/08/2026,5.454
24/08/2026,5.652
31/08/2026,5.599
07/09/2026,5.967
14/09/2026,6.285
21/09/2026,6.529
28/09/2026,6.382
05/10/2026,6.199
